易居主题酒店,,,
一品天下,四川省成都市金牛区一品天下,104.02073,30.688654
中铁二院职工食堂,四川省成都市金牛区中铁二院职工食堂,104.059349,30.682298
西姆善居酒店,,,
,,,
新里维多利亚公寓,四川省成都市郫都区新里,103.987671,30.730944
斯维登度假公寓,四川省成都市武侯区斯维登度假公寓,104.012978,30.647972
红树湾,四川省成都市双流区红树湾,104.08312,30.548252
长江公寓,四川省成都市金牛区长江公寓,104.091659,30.675364
世纪城,四川省成都市武侯区世纪城,104.071362,30.556128
武侯祠,四川省成都市武侯区武侯,104.048658,30.64542
西姆善居酒店,,,
,,,
桔子酒店精选,四川省成都市锦江区桔子酒店精选,104.086167,30.654578
华润广场-a座,四川省成都市锦江区华润广场|A座,104.089729,30.61968
巴中宾馆,四川省成都市青羊区巴中宾馆,104.080383,30.667392
世纪城,四川省成都市武侯区世纪城,104.071362,30.556128
凯美酒店,四川省成都市锦江区凯美酒店,104.089868,30.643006
,,,
,,,
,,,
途家斯,,,
正熙国际,四川省成都市锦江区正熙国际,104.078628,30.653662
积木公寓,,,
巴蜀之家,,,
世代锦江,四川省成都市锦江区世代锦江,104.062414,30.648257
吾桐里国际青年客栈,四川省成都市青羊区国际青年客栈,104.045374,30.651983
泰合索菲特大饭店,四川省成都市锦江区泰合索菲特大饭店,104.068727,30.647337
花园饭店,四川省成都市锦江区花园饭店,104.095071,30.649753
锦江之星,四川省成都市锦江区锦江之星,104.090117,30.652435
梦之旅,四川省成都市锦江区梦之旅,104.10544,30.603416
理工大学,四川省成都市成华区理工大学,104.147257,30.674912
积木公寓,,,
威登酒店,四川省成都市青羊区威登酒店,104.07671,30.660683
天赋实验,,,
优途逸家,,,
火车南站,四川省成都市武侯区火车南站,104.068464,30.605893
全季酒店,四川省成都市武侯区全季酒店,104.061561,30.578001
锦江之星,四川省成都市锦江区锦江之星,104.090117,30.652435
两江国际,四川省成都市武侯区两江国际,104.058157,30.559578
嘉立连锁,四川省成都市青羊区嘉立连锁,104.060901,30.673857
伊丽特,四川省成都市金牛区伊丽特酒店,104.085958,30.694096
红树湾,四川省成都市双流区红树湾,104.08312,30.548252
鼓楼智选,,,
黄金大酒店,四川省成都市金牛区红达黄金大酒店,104.027848,30.696718
西西里二期,四川省成都市金牛区西西里二期,104.019428,30.701591
生活立方,四川省成都市青羊区生活立方,104.004075,30.666341
富丽花城,四川省成都市成华区富丽花城,104.112622,30.716206
君怡酒店,四川省成都市武侯区君怡酒店,104.014555,30.638154
锦江之星,四川省成都市锦江区锦江之星,104.090117,30.652435
锦城苑,四川省成都市青白江区锦城苑,104.270711,30.873465
万福桥,四川省成都市金牛区万福桥,104.071822,30.678334
菜鸟驿站,四川省成都市龙泉驿区菜鸟驿站,104.19485,30.569227
皇城西御,四川省成都市青羊区皇城西御,104.062126,30.656773
金楠天街,四川省成都市武侯区金楠天街,103.996524,30.648874
全季酒店,四川省成都市武侯区全季酒店,104.061561,30.578001
保利心语,四川省成都市武侯区保利心语,104.04287,30.543508
琅h精品,,,
茶店子,四川省成都市金牛区茶店子,104.027434,30.697177
长青北街,四川省成都市金牛区长青北街,104.042529,30.712751
记忆旅行,,,
春熙亚朵,,,
宽窄巷子,四川省成都市青羊区宽窄巷子,104.053617,30.663833
两江国际,四川省成都市武侯区两江国际,104.058157,30.559578
七天优品,四川省成都市青羊区七天优品,104.062649,30.654618
凯丽滨江,四川省成都市简阳市凯丽滨江,104.536277,30.401817
金鹏街,四川省成都市青羊区金鹏街,104.000628,30.678732
蒙太奇,四川省成都市武侯区蒙太奇,104.057861,30.625191
艾克斯,,,
丽水澜庭,四川省成都市成华区丽水澜庭,104.091868,30.70806
华润二十四,四川省成都市成华区华润,104.11893,30.645014
华润置地,四川省成都市锦江区华润置地,104.095071,30.610937
红庙子街,四川省成都市青羊区红庙子街,104.074024,30.667782
青羊区国税局,四川省成都市青羊区青羊区国税局,104.05998,30.674041
公安局高新分局,,,
公安局高新分局,,,
新国际会展中心,四川省成都市武侯区新国际会展中心,104.077658,30.553558
世外桃源酒店,四川省成都市武侯区世外桃源酒店,104.077653,30.629472
峰汇中心2号楼,四川省成都市武侯区峰汇中心|2号楼,104.062316,30.54747
华西妇产儿童医院,四川省成都市武侯区华西妇产儿童医院,104.065597,30.639462
万年路251号,四川省成都市成华区万年路|251号,104.121241,30.65602
熊猫贝贝公寓,,,
锦里,,,
世外桃源酒店,四川省成都市武侯区世外桃源酒店,104.077653,30.629472
一木依居酒店,,,
百花世家酒店,四川省成都市青羊区百花世家酒店,104.044916,30.658804
锦江之星,四川省成都市锦江区锦江之星,104.090117,30.652435
草堂印象酒店,四川省成都市青羊区草堂,104.028041,30.663452
天誉,,,
王府花园,四川省成都市武侯区王府花园,104.052552,30.631263
第六人民医院,四川省成都市成华区第六人民医院,104.147301,30.639219
明宇豪雅,四川省成都市锦江区明宇豪雅,104.091404,30.646709
雅颂居,四川省成都市武侯区雅颂居,104.044596,30.552608
爱客来精品度假公寓,四川省成都市锦江区爱客来精品度假公寓,104.086196,30.661223
成都银行,四川省成都市青羊区成都银行,104.061381,30.656596
天誉南庭,四川省成都市锦江区天誉南庭,104.109236,30.632991
卡尔顿酒店,四川省成都市青羊区卡尔顿酒店,104.06996,30.66383
大鼎戴斯酒店,四川省成都市武侯区大鼎戴斯酒店,104.06855,30.60084
九龙怡家酒店,四川省成都市崇州市九龙,103.710367,30.722555
建设路,四川省成都市成华区建设路,104.103315,30.669066
,,,
记忆空间服务馆,,,
星宇蜀居主题酒店,,,
成华区万年场,四川省成都市成华区万年场,104.115565,30.655615
派酒店,四川省成都市都江堰市派酒店,103.641034,30.981856
维也纳国际酒店,四川省成都市双流区维也纳国际酒店,104.077917,30.547387
上东酒店,四川省成都市成华区上东酒店,104.110579,30.714613
盛世草堂,四川省成都市青羊区盛世草堂,104.022953,30.66652
青羊物业大厦,四川省成都市青羊区青羊物业大厦,104.060372,30.659942
汉庭酒店,四川省成都市崇州市汉庭酒店,103.696142,30.63542
西姆翰墨酒店,四川省成都市锦江区西姆翰墨酒店,104.08628,30.661018
品香四季酒店,四川省成都市武侯区品香四季酒店,104.068297,30.552391
四川省气象局,四川省成都市青羊区四川省气象局,104.018506,30.662113
绿地之窗,四川省成都市武侯区绿地之窗,104.059826,30.55217
龙湖三千城,四川省成都市成华区龙湖三千城,104.1115,30.674648
华兴新居,四川省成都市锦江区华兴新居,104.119508,30.602951
四川大学,四川省成都市武侯区四川大学,104.085486,30.629794
轩雅映月,四川省成都市锦江区轩雅映月,104.07553,30.652681
楚天君临,,,
站西桥,四川省成都市金牛区站西桥,104.064965,30.70001
华润二十四城,四川省成都市成华区华润二十四城,104.118859,30.649359
凡花三舍青年公寓,,,
东站,四川省成都市武侯区东站,104.005989,30.651649
第一人民医院,四川省成都市武侯区成都市第一人民医院,104.052202,30.589949
时光青年旅舍,四川省成都市成华区时光青年旅舍,104.104354,30.680378
嘉好弗斯达,四川省成都市青羊区嘉好弗斯达酒店,104.068682,30.670769
丽景华庭,四川省成都市武侯区丽景华庭,104.015689,30.651247
尚客优连锁酒店,四川省成都市武侯区尚客优连锁酒店,104.061648,30.645693
阿悦酒店公寓,,,
吉祥街小区,四川省成都市青羊区吉祥街小区,104.054251,30.668971
银石国际,,,
皇家别墅,四川省成都市武侯区皇家别墅,104.001691,30.659655
鑫万里客商务旅店,四川省成都市青羊区鑫万里客商务旅店,104.01755,30.673999
品乐酒店,四川省成都市锦江区品乐酒店,104.070485,30.65989
沃尔玛,四川省成都市成华区沃尔玛,104.11263,30.668674
龙腾中路,四川省成都市武侯区龙腾中路,104.014506,30.652014
锦江之星,四川省成都市锦江区锦江之星,104.090117,30.652435
锦江之星,四川省成都市锦江区锦江之星,104.090117,30.652435
东站,四川省成都市武侯区东站,104.005989,30.651649
海上海-北苑,四川省成都市成华区海上海北苑,104.16057,30.62777
天府一街,四川省成都市双流区天府一街,104.031608,30.563611
成华奥园广场,四川省成都市成华区奥园广场,104.131182,30.655364
凯丽香江,四川省成都市锦江区凯丽香江,104.083956,30.598667
外运小区,四川省成都市双流区外运小区,104.004029,30.575039
清居酒店,,,
兴元华盛,四川省成都市成华区兴元华盛,104.093692,30.708891
三环路,四川省成都市武侯区三环路,103.980025,30.65295
八宝大酒店,四川省成都市青羊区八宝大酒店,104.061489,30.670611
雅尚公寓,,,
蓉城,,,
7天酒店,四川省成都市新都区7天酒店,104.05514,30.754647
梦之旅,四川省成都市锦江区梦之旅,104.10544,30.603416
99旅馆,四川省成都市武侯区99旅馆,104.084398,30.635401
全季酒店,四川省成都市武侯区全季酒店,104.061561,30.578001
金域名人国际酒店,四川省成都市武侯区金域名人国际酒店,104.058042,30.608416
人民中路,四川省成都市青羊区人民中路,104.071919,30.677937
武侯祠,四川省成都市武侯区武侯,104.048658,30.64542
,,,
成都东站,四川省成都市成华区成都东站,104.141625,30.62886
人民医院,四川省成都市新都区人民医院,104.178927,30.792112
图腾铂雅酒店,四川省成都市武侯区图腾铂雅酒店,104.081084,30.607655
如家快捷,四川省成都市青羊区如家快捷,104.068134,30.673802
传家合院,四川省成都市武侯区传家合院,104.057693,30.645694
西郊酒店,四川省成都市崇州市西郊,103.664873,30.629049
美丽云天,四川省成都市青羊区美丽云天,104.021126,30.665652
西郊酒店,四川省成都市崇州市西郊,103.664873,30.629049
西郊酒店,四川省成都市崇州市西郊,103.664873,30.629049
美丽豪,,,
龙湖北城,四川省成都市金牛区龙湖北城,104.068536,30.711184
慕森主题,,,
精品酒店,四川省成都市武侯区精品酒店,104.061,30.549021
藏茶素食火锅,,,
成都明德坊酒店,四川省成都市青羊区明德坊酒店,104.05159,30.664057
行者居别墅,四川省成都市武侯区行者居别墅,104.003648,30.65338
富丽东方-和美东路,四川省成都市成华区富丽东方,104.154977,30.630737
七天酒店,四川省成都市金牛区七天酒店,104.066027,30.690442
宽窄精品主题,,,
如家快捷酒店,四川省成都市武侯区如家快捷酒店,104.015872,30.637465
玉皇观街1号院,四川省成都市锦江区玉皇观街1号院,104.088966,30.665424
m家社区酒店,四川省成都市锦江区m家社区酒店,104.069297,30.65361
瑞泰锦城,四川省成都市武侯区瑞泰锦城,103.998507,30.648252
中海翠屏湾,四川省成都市武侯区中海翠屏湾,104.051936,30.599671
保利中心C座,四川省成都市武侯区保利中心|C座,104.071625,30.625062
白果林,四川省成都市金牛区白果林,104.036285,30.672558
城市理想A座,四川省成都市锦江区城市理想|A座,104.067498,30.654819
布丁酒店,四川省成都市金牛区布丁酒店,104.08338,30.694975
心族宾馆,四川省成都市武侯区心族宾馆,104.066262,30.623069
群康路51号,四川省成都市青羊区群康路|51号,104.018174,30.667152
锦江之星,四川省成都市锦江区锦江之星,104.090117,30.652435
祥域,,,
78号观邸,四川省成都市青羊区78号观邸,104.047692,30.655676
红星国际,四川省成都市锦江区红星国际,104.086029,30.661398
成华区桃蹊路,四川省成都市成华区桃蹊路,104.110349,30.683067
沙河 路苑,四川省成都市成华区沙河路,104.088479,30.699515
蓝光富丽东方,四川省成都市成华区蓝光富丽东方,104.154977,30.630737
燃灯寺北街,四川省成都市武侯区燃灯寺北街,104.035294,30.645867
富力广场,四川省成都市青羊区富力广场,104.069658,30.665135
如家精品酒店,四川省成都市武侯区如家精品酒店,104.074994,30.642407
追梦青年旅舍,四川省成都市成华区追梦青年旅舍,104.089896,30.654933
现代城,四川省成都市青羊区现代城,104.048827,30.652994
上东1号-三期,四川省成都市成华区上东1号,104.106853,30.71699
龙湖北城天街,四川省成都市金牛区龙湖北城天街,104.068536,30.711184
春熙路,四川省成都市锦江区春熙路,104.078304,30.657437
流星花园,四川省成都市锦江区流星花园,104.085582,30.651219
东站,四川省成都市武侯区东站,104.005989,30.651649
金控时代广场,四川省成都市武侯区金控时代广场,104.061854,30.5536
如家精选酒店,四川省成都市武侯区如家精选酒店,104.074994,30.642407
如家精选酒店,四川省成都市武侯区如家精选酒店,104.074994,30.642407
康河郦景川,四川省成都市武侯区康河郦景,104.02455,30.65046
七天酒店,四川省成都市金牛区七天酒店,104.066027,30.690442
如家快捷酒店,四川省成都市武侯区如家快捷酒店,104.015872,30.637465
天合凯旅城,,,
人民北路,四川省成都市金牛区人民北路,104.079053,30.678868
新城市广场,四川省成都市青羊区新城市广场,104.057651,30.67383
如家精选酒店,四川省成都市武侯区如家精选酒店,104.074994,30.642407
吾桐里国际青年客栈,四川省成都市青羊区国际青年客栈,104.045374,30.651983
凯丽香江生活广场,四川省成都市锦江区凯丽香江生活广场,104.082751,30.599012
如家精选酒店,四川省成都市武侯区如家精选酒店,104.074994,30.642407
蓉城四季酒店,四川省成都市青羊区蓉城四季酒店,104.002837,30.669541
蓝光 郁金香花园,四川省成都市锦江区郁金香广场,104.079973,30.651014
轩雅映月,四川省成都市锦江区轩雅映月,104.07553,30.652681
京都大厦,四川省成都市锦江区京都大厦,104.078171,30.654518
金林大城小室,四川省成都市青羊区金林大城小室,104.015726,30.671891
尚尊健身俱乐部,四川省成都市双流区尚尊健身俱乐部,104.085321,30.548303
火车北站,四川省成都市金牛区火车北站,104.073403,30.696772
慷懒客栈,,,
武侯区新乐路,四川省成都市武侯区新乐路,104.041087,30.605414
老宋国际青年旅舍,四川省成都市金牛区老宋国际青年旅舍,104.087492,30.680633
七天连锁酒店,四川省成都市成华区七天连锁酒店,104.096381,30.703774
浪漫满屋,四川省成都市龙泉驿区浪漫满屋,104.26546,30.553385
瑞安城中汇,四川省成都市金牛区城中汇,104.091843,30.693119
都豪网络酒店,四川省成都市成华区都豪网络酒店,104.075662,30.700486
嘉立连锁酒店,四川省成都市锦江区嘉立连锁酒店,104.086903,30.661361
天府丽都商务酒店,四川省成都市温江区天府丽都商务酒店,103.856172,30.697598
瑞峰公寓,,,
金林大城小室,四川省成都市青羊区金林大城小室,104.015726,30.671891
