新城市广场,四川省成都市青羊区新城市广场,104.057651,30.673830
太成宾馆,四川省成都市武侯区太成宾馆,104.053237,30.646505
成都外双楠希尔顿欢朋酒店,四川省成都市武侯区欢朋酒店,103.994865,30.649418
西岸蒂景A座,四川省成都市青羊区西岸蒂景|A座,104.053962,30.674086
7天酒店(成都春熙路盐市口店),四川省成都市锦江区春熙路,104.078304,30.657437
禾嘉利好,四川省成都市金牛区禾嘉利好,104.084367,30.696078
成都盛铂仕丹酒店武侯祠店,四川省成都市武侯区华西医院武侯祠店,104.059521,30.645347
中心世茂,四川省成都市锦江区中心,104.084760,30.588966
成都宽窄巷子希尔顿欢朋酒店,四川省成都市武侯区欢朋酒店,103.994865,30.649418
肖家河北街,四川省成都市武侯区肖家河北街,104.042849,30.633738
成都东站,四川省成都市成华区成都东站,104.141625,30.628860
华西国际,四川省成都市武侯区华西国际,104.058951,30.643685
首座万丽,四川省成都市武侯区成都首座万丽酒店,104.066565,30.612248
何日君酒店(人南店),四川省成都市武侯区何日君酒店,104.066420,30.624537
新品汉庭酒店成都天府广场盐市口店,四川省成都市金牛区汉庭快捷酒店,104.019428,30.689388
成都印主题城市别墅酒店名流花园店,四川省成都市武侯区名流花园,104.002619,30.653294
玉林会所（玉林店）,四川省成都市武侯区玉林会所,104.060474,30.626510
安逸酒店(成都西南财大地铁站店),四川省成都市锦江区安逸酒店,104.077778,30.654769
汉庭酒店(宽窄巷子新店),四川省成都市青羊区汉庭连锁酒店,104.053891,30.668180
成都埃菲尔国际酒店,四川省成都市武侯区埃菲尔国际酒店,104.027287,30.632327
天晴国际青年客栈,四川省成都市青羊区天晴国际青年客栈,104.042952,30.654906
瑞升望江橡树林,四川省成都市锦江区瑞升望江橡树林,104.091832,30.622495
成都东站东广场,四川省成都市成华区成都东站东广场,104.143974,30.628064
维也纳酒店(成都春熙路天府广场地铁站店),四川省成都市青羊区天府广场地铁站店,104.065751,30.657453
万友睿柏,,
金茂光明城市,四川省成都市双流区金茂光明城市,104.046359,30.527427
紫竹苑,四川省成都市武侯区紫竹苑,104.052520,30.615756
cpe大楼,四川省成都市武侯区cpe大楼,104.067368,30.545046
成都轩雅映月酒店,四川省成都市锦江区轩雅映月酒店,104.075530,30.652681
成都西门智选假日酒店-停车场,四川省成都市武侯区智选假日酒店,104.029866,30.636913
宽窄巷子,四川省成都市青羊区宽窄巷子,104.053617,30.663833
金河宾馆,四川省成都市青羊区金河宾馆,104.056091,30.661776
如家快捷酒店成都春熙路太古里书院街站,四川省成都市锦江区春熙路,104.077730,30.656547
成都芙蓉饭店,四川省成都市青羊区成都芙蓉饭店,104.058902,30.670086
科甲大厦,四川省成都市锦江区科甲大厦,104.079342,30.656251
成都尚锦和美春熙太古里酒店,四川省成都市锦江区太古里酒店,104.084930,30.651925
成都高新实验中学新北校区,四川省成都市武侯区高新实验中学新北校区,104.038652,30.603918
海滨铂雅酒店,四川省成都市成华区海滨铂雅酒店,104.103951,30.713386
金科一城,四川省成都市成华区金科一城,104.111817,30.711406
一号线火车北站地铁站,四川省成都市金牛区火车北站地铁站,104.073972,30.695568
中国工商银行(天顺路支行),四川省成都市武侯区中国工商银行(天顺路支行),104.071246,30.591621
影茂城果,,
丽景华庭,四川省成都市武侯区丽景华庭,104.015689,30.651247
世纪城,四川省成都市武侯区世纪城,104.071362,30.556128
成都寓尊精品公寓,,
成都花园,四川省成都市青羊区成都花园,104.011714,30.655637
南苑B区,,
成都瑞欣酒店,四川省成都市金牛区瑞欣酒店,104.052029,30.675318
七天快捷主题公寓(成都东站店),,
智慧康城,四川省成都市金牛区智慧康城,104.046605,30.709158
桔子酒店精选(成都顺城店),四川省成都市青羊区桔子酒店精选,104.072594,30.666769
百世酒店,四川省成都市锦江区百世酒店,104.086735,30.651399
华润幸福里,四川省成都市锦江区华润幸福里,104.119337,30.610139
锦江之星酒店(成都金仙桥店),四川省成都市金牛区锦江之星酒店,104.052196,30.677220
艺家风格酒店,四川省成都市金牛区艺家风格酒店,104.011298,30.695041
华林南苑,四川省成都市成华区华林南苑,104.139872,30.682812
东方广场,四川省成都市锦江区东方广场,104.090021,30.647671
四川省社会科学院,四川省成都市青羊区四川省社会科学院,104.041584,30.653032
成都索菲斯民族大酒店,四川省成都市金牛区索菲斯民族大酒店,104.045867,30.673148
如家精选酒店(太古里天祥街店),四川省成都市锦江区太古里,104.083726,30.653334
西门车站,四川省成都市金牛区西门车站,104.043300,30.684417
成都现代城,四川省成都市青羊区现代城,104.048827,30.652994
圣沅汇景樱桃季,四川省成都市武侯区圣沅汇景樱桃季,104.015558,30.642351
桔子酒店精选(成都环球中心店),四川省成都市锦江区桔子酒店精选,104.086167,30.654578
清溪西路,四川省成都市青羊区清溪西路,104.022406,30.678537
三四五时尚,,
成都如客酒店,四川省成都市龙泉驿区如客酒店,104.323060,30.644114
福兴苑,四川省成都市金牛区福兴苑,104.019548,30.694275
尊宝披萨意式休闲餐厅,四川省成都市锦江区意式休闲餐厅,104.078036,30.657920
成都初见精品公寓,,
锦江之星酒店(成都文殊坊店),四川省成都市青羊区锦江之星酒店,104.072553,30.670975
家益欣城,四川省成都市双流区家益欣城,104.051227,30.531370
如家快捷酒店(成都华西医大省体育馆地铁站店),四川省成都市武侯区如家快捷酒店,104.015872,30.637465
净居寺,四川省成都市锦江区净居寺,104.108307,30.622849
新品汉庭酒店成都科华北路四川大学店,四川省成都市武侯区四川大学店,104.077368,30.633977
成都东站,四川省成都市成华区成都东站,104.141625,30.628860
一环路东二段,四川省成都市成华区一环路东二段,104.101906,30.663195
高碑瑞苑,四川省成都市武侯区高碑瑞苑,104.005200,30.627283
四威大厦,四川省成都市金牛区四威大厦,104.042138,30.684551
天香包点(天香店),,
白云花园,四川省成都市武侯区白云花园,104.085828,30.607707
三四五时尚,,
茶店子,四川省成都市金牛区茶店子,104.027434,30.697177
南馨苑,四川省成都市武侯区南馨苑,104.053627,30.612278
hewoo筑梦空间青年公寓(成都东站店),,
浅水半岛,四川省成都市成华区浅水半岛,104.106125,30.686346
徒行陌客,,
武侯祠,四川省成都市武侯区武侯,104.048658,30.645420
西单商场,四川省成都市青羊区西单商场,104.000441,30.674786
撒哈拉何兮青年空间,四川省成都市武侯区撒哈拉何兮青年空间,104.067413,30.643081
高笋塘站,四川省成都市金牛区高笋塘站,104.090515,30.693499
首座万豪酒店,四川省成都市武侯区首座万豪酒店,104.068868,30.586267
环球汇天誉蔚蓝,四川省成都市锦江区环球汇天誉蔚蓝,104.112750,30.635500
新世纪环球购物广场,四川省成都市武侯区新世纪环球,104.063392,30.568751
紫东阳光一期,四川省成都市成华区紫东阳光一期,104.111194,30.646022
锦城宽窄精品主题服务公寓,,
琉璃一街站,四川省成都市锦江区琉璃一街站,104.095880,30.604270
一路向北青年旅社,四川省成都市金牛区e78青年旅社,104.048650,30.683450
哈斯顿酒店,,
联森酒店(宽窄巷子店),四川省成都市龙泉驿区联森酒店,104.255722,30.561986
春熙路南端步行街,四川省成都市锦江区步行街,104.078328,30.655385
蓉城云熙精品度假公寓,,
宽窄芙蓉精品度假公寓,,
宽窄芙蓉精品度假公寓,,
锦里小吃街,四川省成都市武侯区锦里小吃街,104.049882,30.647148
全季酒店(成都高新店),四川省成都市武侯区成都高新店,104.066130,30.543450
高地中心,四川省成都市成华区高地中心,104.104144,30.668813
天湖宾馆,四川省成都市金牛区天湖宾馆,104.065848,30.684508
新鸿社区,四川省成都市成华区新鸿社区,104.104019,30.660452
格兰威尔酒店(阳光地带东),四川省成都市金牛区格兰威尔酒店,104.017316,30.692503
成都馨乐庭城南服务公寓,四川省成都市武侯区馨乐庭城南服务公寓,104.066272,30.547026
慕和南道,四川省成都市双流区慕和南道,104.050862,30.528037
成都瑞庭连锁酒店(晨辉二街店),四川省成都市武侯区店,104.082310,30.636894
泛悦国际,四川省成都市武侯区泛悦国际,104.079355,30.613172
西二道街口,四川省成都市青羊区西二道街,104.056079,30.672683
锦江宾馆,四川省成都市锦江区锦江宾馆,104.064678,30.648456
四川省地方税务局,四川省成都市武侯区四川省地方税务局,104.075832,30.645017
阳光金沙,四川省成都市金牛区阳光金沙,104.011355,30.690540
东客站,四川省成都市成华区东客站,104.140903,30.622395
成都斑斓家民宿九眼桥店,四川省成都市,104.066541,30.572269
西南交通大学(九里校区),四川省成都市金牛区西南交通大学,104.053006,30.698733
康河郦景,四川省成都市武侯区康河郦景,104.024550,30.650460
神仙树大院,四川省成都市武侯区神仙树大院,104.043296,30.616511
沙河堡医院,四川省成都市锦江区沙河堡医院,104.126436,30.617672
四川大学,四川省成都市武侯区四川大学,104.085486,30.629794
锦洲花园,四川省成都市锦江区锦洲花园,104.094935,30.623830
爱家馨城,四川省成都市武侯区爱家馨城,104.028448,30.637489
康河郦景,四川省成都市武侯区康河郦景,104.024550,30.650460
伊丽特酒店,四川省成都市金牛区伊丽特酒店,104.085958,30.694096
金茂假日,四川省成都市锦江区成都金茂假日酒店,104.092627,30.643162
金茂假日,四川省成都市锦江区成都金茂假日酒店,104.092627,30.643162
成都瑞思博雅酒店,四川省成都市青羊区瑞思博雅酒店,104.055037,30.672764
成都站,四川省成都市金牛区成都站,104.073403,30.696772
太平园,四川省成都市武侯区太平园,104.018008,30.620858
成都希尔顿酒店,四川省成都市武侯区希尔顿酒店,104.068142,30.549534
环球中心,四川省成都市武侯区环球中心,104.063117,30.568738
蓝光云鼎,四川省成都市金牛区蓝光云鼎,104.027704,30.687387
锦江之星酒店(成都白果林地铁站店),四川省成都市金牛区锦江之星酒店,104.032356,30.675341
泡桐树公寓,四川省成都市青羊区泡桐树公寓,104.052431,30.665589
龙腾小区,四川省成都市武侯区龙腾小区,104.015716,30.653256
成都轩雅映月酒店,四川省成都市锦江区轩雅映月酒店,104.075530,30.652681
福顺苑-西门,四川省成都市成华区福顺苑,104.074221,30.703386
时代天骄,四川省成都市青羊区时代天骄,104.082825,30.672475
礼顿酒店,四川省成都市锦江区礼顿酒店,104.086725,30.664490
二环路西二段77号院,四川省成都市青羊区二环路西二段77号院,104.020704,30.671691
成都站,四川省成都市金牛区成都站,104.073403,30.696772
金楠国际,四川省成都市武侯区金楠国际,104.013507,30.633525
锦江之星酒店(成都春熙路王府井店),四川省成都市锦江区春熙路,104.076291,30.654189
山水时尚酒店(九眼桥店),四川省成都市锦江区山水时尚酒店,104.092476,30.643636
一品荷花,四川省成都市金牛区一品荷花,104.080588,30.696709
三环航天立交北内侧-公交车站,四川省成都市龙泉驿区公交车站,104.253807,30.539640
赛格广场,四川省成都市青羊区赛格广场,104.077502,30.665291
美城云庭,四川省成都市双流区美城云庭,104.045195,30.534372
布丁酒店(成都一品天下蜀汉路东地铁站店),四川省成都市金牛区布丁酒店,104.031433,30.683886
撒哈拉何兮青年空间,四川省成都市武侯区撒哈拉何兮青年空间,104.067413,30.643081
长发街,四川省成都市青羊区长发街,104.057933,30.666936
天府广场,四川省成都市青羊区天府广场,104.065850,30.657361
隐庐巷上生活馆,四川省成都市武侯区隐庐巷上生活馆,104.035609,30.642981
祥宇宾馆(新南路店),四川省成都市武侯区祥宇宾馆,104.076712,30.636895
新华国际,,
龙景花园,四川省成都市青羊区龙景花园,104.034619,30.653207
华润・紫云府,四川省成都市成华区紫云府,104.117870,30.646741
都市家园,四川省成都市锦江区都市家园,104.102977,30.612111
天鹅湖公寓,四川省成都市武侯区天鹅湖公寓,104.071630,30.556170
景茂城果,四川省成都市双流区景茂城果,104.068675,30.527750
四川大学,四川省成都市武侯区四川大学,104.085486,30.629794
成都馨佳缘酒店公寓(宽窄巷子新城市广场店),,
富丽花园,四川省成都市成华区富丽花园,104.073378,30.703406
成都远洋太古里,四川省成都市锦江区太古里,104.083736,30.652685
蓝天小区,四川省成都市武侯区蓝天小区,104.079089,30.610808
美逸酒店,四川省成都市武侯区美逸酒店,104.027023,30.623089
地方电力局,四川省成都市青羊区四川省地方电力局,104.034164,30.666598
如家快捷酒店(成都电信路华西医大店),四川省成都市武侯区华西医大店,104.063073,30.638876
锦江之星酒店(成都杜甫草堂店),四川省成都市青羊区锦江之星旅馆,104.038291,30.655295
粼江峰阁,四川省成都市锦江区粼江峰阁,104.093238,30.638450
棕榈泉费尔蒙酒店,四川省成都市武侯区费尔蒙酒店,104.069811,30.554829
成都漫花园酒店,四川省成都市金牛区丽豪花园酒店,104.012766,30.695171
天合汇锦城,四川省成都市武侯区天合汇锦城,104.053746,30.557000
汉庭酒店(成都五大花园金雁路店),四川省成都市崇州市汉庭酒店,103.696142,30.635420
成都誉峰M4民宿,四川省成都市,104.066541,30.572269
汉庭酒店(成都天府广场店),四川省成都市青羊区汉庭快捷酒店,104.059550,30.658011
左岸精品公寓喜年店,四川省成都市锦江区成都左岸精品公寓,104.082429,30.650054
赛云台北路7号院,四川省成都市金牛区赛云台北路7号院,104.068498,30.706548
正成财富,四川省成都市锦江区正成财富,104.080583,30.660542
成华街九号院,四川省成都市金牛区成华街九号院,104.076975,30.681597
成都太古里精品酒店公寓,四川省成都市锦江区太古里,104.083726,30.653334
金地金沙府邸,四川省成都市青羊区金地金沙府,104.007164,30.696085
客道酒店,四川省成都市武侯区客道酒店,104.080489,30.642166
华润凤凰城3期,四川省成都市武侯区华润凤凰城3期,104.053193,30.554916
河滨丽苑,四川省成都市成华区河滨丽苑,104.073225,30.710726
河滨雅苑,四川省成都市锦江区河滨雅苑,104.096109,30.625040
流星花园6栋,四川省成都市锦江区流星花园,104.085582,30.651219
金茂・光明城市-2号门,四川省成都市双流区光明城市2号门,104.048191,30.526502
上东1号3期,四川省成都市成华区上东1号,104.106853,30.716990
桐梓林壹号,四川省成都市武侯区桐梓林壹号,104.056045,30.604285
誉峰东区,四川省成都市武侯区誉峰东区,104.057467,30.584514
绿洲大酒店,四川省成都市青羊区绿洲大酒店,104.074022,30.665473
苏坡立交,四川省成都市青羊区苏坡立交,103.990469,30.673707
桂溪路中-公交车站,四川省成都市武侯区桂溪路,104.080420,30.603156
成都宜家民宿火车南站店,四川省成都市,104.066541,30.572269
文翁华府,四川省成都市青羊区文翁华府,104.055026,30.654181
国际花园,四川省成都市锦江区锦海国际花园,104.086589,30.652515
汇城港湾,四川省成都市双流区汇城港湾,104.078517,30.546662
成都途家斯维登服务公寓阳光米娅店,四川省成都市成华区途家斯维登服务公寓,104.093307,30.670317
成都东站,四川省成都市成华区成都东站,104.141625,30.628860
如家快捷酒店(成都春熙路步行街店),四川省成都市锦江区春熙路,104.077730,30.656547
蜀都花园,四川省成都市锦江区蜀都花园,104.103625,30.644821
如家快捷酒店(成都新鸿路店),四川省成都市成华区新鸿路,104.104772,30.661888
西林巷22号,四川省成都市金牛区西林巷|22号,104.048806,30.682107
成都都丽酒店(武侯祠锦里店),四川省成都市,104.066541,30.572269
绿地GIC一期,四川省成都市武侯区绿地gic,104.079936,30.618148
凤翔云庭,,
元度家居汇装饰有限公司(总部),四川省成都市青羊区总部,103.928387,30.679338
那些时光精品公寓,,
新良大酒店(上东大街店),四川省成都市锦江区上东大街,104.084775,30.648527
东通顺街26号,四川省成都市青羊区东通顺街|26号,104.082383,30.669806
天晴国际青年客栈,四川省成都市青羊区天晴国际青年客栈,104.042952,30.654906
佳年华 时代晶座,四川省成都市武侯区时代晶座,104.047631,30.543532
状元府邸,四川省成都市新都区状元府邸,104.178677,30.816293
保利星座,四川省成都市武侯区保利星座,104.045238,30.545978
龙湖金楠时光,四川省成都市武侯区龙湖金楠时光,103.993341,30.649394
蜀郡,,
金贸光明城市,四川省成都市双流区光明城市,104.046359,30.527427
比华利国际3期,四川省成都市锦江区国际3期,104.127702,30.618035
招商银行(金沙支行),四川省成都市青羊区招商银行(成都金沙支行),104.007633,30.677631
成科路9号院,四川省成都市武侯区成科路9号院,104.069651,30.627803
上东花园四组团,四川省成都市锦江区上东花园四组团,104.108368,30.601135
如家精选酒店(成都春熙路盐市口店),四川省成都市武侯区如家精选酒店,104.074994,30.642407
香槟广场,四川省成都市锦江区香槟广场,104.079480,30.652544
锦江之星酒店(成都金仙桥店),四川省成都市金牛区锦江之星酒店,104.052196,30.677220
全季酒店(春熙路太古里酒店),四川省成都市锦江区太古里酒店,104.084930,30.651925
全季酒店(春熙路太古里酒店),四川省成都市锦江区太古里酒店,104.084930,30.651925
成都南站,四川省成都市武侯区成都南站,104.068464,30.605893
世代锦江国际酒店,四川省成都市锦江区世代锦江国际酒店,104.061731,30.647914
天府丽都喜来登饭店,四川省成都市青羊区天府丽都喜来登饭店,104.066453,30.664926
世纪城,四川省成都市武侯区世纪城,104.071362,30.556128
成都宽窄芙蓉精品度假公寓,,
桔子酒店精选(成都顺城店),四川省成都市青羊区桔子酒店精选,104.072594,30.666769
光明城市,四川省成都市双流区光明城市,104.046359,30.527427
布衣客栈(成都软件园店),四川省成都市武侯区布衣客栈,104.073978,30.541532
太古里河畔亚朵酒店,四川省成都市青羊区成都武侯祠亚朵酒店,104.056109,30.650430
加州一号酒店,四川省成都市金牛区酒店,104.042722,30.686107
摩登s酒店,,
交大归谷建设派,四川省成都市成华区建设派,104.107123,30.667016
成都武侯祠亚朵酒店,四川省成都市武侯区亚朵酒店,104.066156,30.543757
成都季风客栈青年旅舍,四川省成都市武侯区季风客栈青年旅舍,104.049297,30.636317
汇翠园,四川省成都市武侯区汇翠园,104.050054,30.592569
仁和春天国际花园,四川省成都市武侯区仁和春天国际花园,104.052363,30.586770
成都博客庄园禅茶酒店,四川省成都市成华区博客庄园禅茶酒店,104.103546,30.712563
茶店子地铁站,四川省成都市金牛区茶店子地铁站,104.013692,30.705986
东安南路17号大院,四川省成都市锦江区东安南路17号大院,104.089047,30.655837
罗浮世家,四川省成都市武侯区罗浮世家,104.038171,30.635983
汉庭酒店(武侯店),四川省成都市武侯区原汉庭酒店,104.077408,30.623054
明宇尚庭主题公寓,四川省成都市武侯区明宇尚庭主题公寓,104.058295,30.560051
星逸酒店,四川省成都市青羊区星逸酒店,104.077251,30.668525
春熙路,四川省成都市锦江区春熙路,104.078304,30.657437
锦江之星酒店(成都白果林地铁站店),四川省成都市金牛区锦江之星酒店,104.032356,30.675341
成都雅住158连锁酒店锦华店,四川省成都市锦江区雅住158连锁酒店,104.098769,30.605727
财富又一城,四川省成都市成华区财富又一城,104.095189,30.678670
千居朝阳,四川省成都市成华区千居朝阳,104.123289,30.648229
碧云天,四川省成都市青白江区碧云天,104.258872,30.889761
维也纳酒店(成都春熙路李家沱地铁站店),四川省成都市锦江区春熙路,104.077758,30.655520
中国邮政储蓄银行(天福街支行),四川省成都市大邑县天福街,103.615928,30.511215
抚琴西南路,四川省成都市金牛区抚琴西南路,104.038730,30.676243
致瑞雅苑B区,四川省成都市锦江区致瑞雅苑b区,104.106301,30.609827
天遇酒店,,
宽窄巷子,四川省成都市青羊区宽窄巷子,104.053617,30.663833
四川省林业干部学校,四川省成都市锦江区林业干部学校,104.118256,30.630806
品香四季酒店,四川省成都市武侯区品香四季酒店,104.068297,30.552391
品香四季酒店,四川省成都市武侯区品香四季酒店,104.068297,30.552391
成都有客rex电影主题精品酒店,四川省成都市锦江区成都有客rex电影主题精品酒店,104.077107,30.657086
紫荆名苑,四川省成都市武侯区紫荆名苑,104.050372,30.615803
如家快捷酒店(成都玉沙路店),四川省成都市青羊区玉沙路,104.083910,30.665199
成都加悦精品酒店公寓,四川省成都市锦江区成都锦城优美酒店公寓,104.067500,30.654800
成都帝盛君豪酒店,四川省成都市青羊区帝盛君豪酒店,104.067521,30.667568
春熙里酒店(联升巷),四川省成都市锦江区春熙里酒店,104.078171,30.654518
成都记忆旅行度假短租公寓(春熙店),四川省成都市锦江区成都记忆旅行度假短租公寓,104.086342,30.661530
春熙路,四川省成都市锦江区春熙路,104.078304,30.657437
春熙路,四川省成都市锦江区春熙路,104.078304,30.657437
成都维尼酒店式公寓,,
速8酒店(成都茶店子店),四川省成都市金牛区茶店子店,104.028173,30.698518
新世纪广场,四川省成都市青羊区新世纪广场,104.070042,30.667657
建发天府鹭洲,四川省成都市武侯区建发天府鹭洲,104.038396,30.552402
鼎云顺城,四川省成都市青羊区鼎云顺城,104.071238,30.669794
成都瑞思特酒店,四川省成都市锦江区瑞思特酒店,104.081283,30.660197
成都瑞思特酒店,四川省成都市锦江区瑞思特酒店,104.081283,30.660197
成都仁和春天酒店(二环路店),四川省成都市青羊区仁和春天酒店,104.019956,30.662995
"成都行者居别墅客栈――格桑店,四川省成都市武侯区别墅客栈,104.001786,30.652939
",,
星城银座,四川省成都市锦江区星城银座,104.076570,30.649417
四川师范大学,四川省成都市锦江区四川师范大学,104.122659,30.611335
如家快捷酒店(成都双桥子经华北路店),四川省成都市成华区经华北路,104.107192,30.646828
维也纳酒店(成都春熙路天府广场地铁站店),四川省成都市青羊区天府广场地铁站店,104.065751,30.657453
武侯区盛世路,四川省成都市武侯区盛世路,104.018610,30.632843
龙湖金楠天街,四川省成都市武侯区龙湖金楠天街,103.996524,30.648874
成都乐居青年公寓,,
武侯祠亚朵酒店,四川省成都市武侯区亚朵酒店,104.066156,30.543757
有客REX电影主题,,
橙话馨语复式,,
群宁街,四川省成都市青羊区群宁街,104.020620,30.665348
全季酒店(成都太古里滨江路店),四川省成都市锦江区全季酒店,104.079441,30.657369
新品汉庭酒店成都新会展中心店,四川省成都市武侯区成都新会展中心店,104.044600,30.546833
海友酒店(成都玉沙路店),四川省成都市青羊区玉沙路,104.083910,30.665199
猛追湾,四川省成都市成华区猛追湾,104.096916,30.662899
东大街下东大街段,四川省成都市锦江区东大街下东大街段,104.081219,30.650957
东站,四川省成都市武侯区东站,104.005989,30.651649
成都漫果酒店公寓,四川省成都市锦江区成都漫果酒店公寓,104.067420,30.654855
乐浮国际青年旅社,四川省成都市青羊区乐浮国际青年旅社,104.079506,30.668671
安逸酒店(成都宽窄巷子西店),四川省成都市金牛区成都宽窄巷子西店,104.041667,30.676028
御府花都A区,四川省成都市武侯区御府花都a区,104.070411,30.595520
元景路99号,四川省成都市双流区元景路|99号,104.051549,30.530383
如家精选酒店(成都春熙路盐市口店),四川省成都市武侯区如家精选酒店,104.074994,30.642407
成都帽魅・臻选精品主题服务公寓,,
浆洗街4号,四川省成都市锦江区浆洗街|4号,104.058415,30.644657
电力职业培训中心,,
博爱医院,四川省成都市锦江区博爱医院,104.087717,30.653400
星宇・蜀居主题酒店(成都春熙路太古里店),四川省成都市锦江区春熙路,104.078304,30.657437
一品天下,四川省成都市金牛区一品天下,104.020730,30.688654
中铁二院职工食堂,四川省成都市金牛区中铁二院职工食堂,104.059349,30.682298
西姆善居酒店,,
雅颂居-2期,四川省成都市武侯区雅颂居2期,104.044915,30.552357
新里维多利亚公寓,四川省成都市郫都区新里,103.987671,30.730944
成都斯维登度假公寓(力迅领筑商务区),四川省成都市武侯区斯维登度假公寓,104.012978,30.647972
红树湾,四川省成都市双流区红树湾,104.083120,30.548252
成都长江公寓(会展店),四川省成都市金牛区长江公寓,104.091659,30.675364
世纪城,四川省成都市武侯区世纪城,104.071362,30.556128
武侯祠,四川省成都市武侯区武侯,104.048658,30.645420
西姆善居酒店,,
东风路,四川省成都市简阳市东风路,104.553194,30.383293
桔子酒店精选(武侯祠店),四川省成都市武侯区桔子酒店精选,104.048732,30.643515
华润广场-a座,四川省成都市锦江区华润广场|A座,104.089729,30.619680
巴中宾馆,四川省成都市青羊区巴中宾馆,104.080383,30.667392
世纪城,四川省成都市武侯区世纪城,104.071362,30.556128
凯美酒店(九眼桥店),四川省成都市锦江区凯美酒店,104.089868,30.643006
青桐城市酒店,四川省成都市金牛区青桐城市酒店,104.048472,30.682733
雅颂居,四川省成都市武侯区雅颂居,104.044596,30.552608
无国界,四川省成都市武侯区无国界,104.061563,30.549035
成都途家斯维登度假公寓(福年广场店),四川省成都市武侯区度假公寓,104.065322,30.547871
正熙国际,四川省成都市锦江区正熙国际,104.078628,30.653662
积木公寓(中航店),,
成都巴蜀之家度假公寓,四川省成都市青羊区成都巴蜀之家度假公寓,104.070193,30.666155
世代锦江,四川省成都市锦江区世代锦江,104.062414,30.648257
吾桐里国际青年客栈,四川省成都市青羊区国际青年客栈,104.045374,30.651983
泰合索菲特大饭店,四川省成都市锦江区泰合索菲特大饭店,104.068727,30.647337
花园饭店,四川省成都市锦江区花园饭店,104.095071,30.649753
锦江之星酒店(成都文殊坊店),四川省成都市青羊区锦江之星酒店,104.072553,30.670975
成都梦之旅国际青年旅舍(武侯祠锦里店),四川省成都市武侯区梦之旅国际青年旅舍,104.047299,30.643929
成都理工大学,四川省成都市成华区成都理工大学,104.147257,30.674912
积木公寓(中航店),,
威登酒店,四川省成都市青羊区威登酒店,104.076710,30.660683
成都市天府实验学校,四川省成都市温江区天府,103.811592,30.695326
成都优途逸家公寓,四川省成都市,104.066541,30.572269
火车南站,四川省成都市武侯区火车南站,104.068464,30.605893
全季酒店(火车东站店),四川省成都市锦江区全季酒店,104.079250,30.652208
锦江之星酒店(成都金仙桥店),四川省成都市金牛区锦江之星酒店,104.052196,30.677220
两江国际,四川省成都市武侯区两江国际,104.058157,30.559578
嘉立连锁酒店(成都天府广场店),四川省成都市锦江区嘉立连锁酒店,104.072506,30.659383
伊丽特,四川省成都市金牛区伊丽特酒店,104.085958,30.694096
红树湾,四川省成都市双流区红树湾,104.083120,30.548252
鼓楼智选,,
黄金大酒店,四川省成都市金牛区红达黄金大酒店,104.027848,30.696718
西西里二期,四川省成都市金牛区西西里二期,104.019428,30.701591
生活立方,四川省成都市青羊区生活立方,104.004075,30.666341
富丽花城,四川省成都市成华区富丽花城,104.112622,30.716206
君怡酒店营门口精品店,四川省成都市金牛区营门口精品店,104.042657,30.691589
锦江之星酒店(成都白果林地铁站店),四川省成都市金牛区锦江之星酒店,104.032356,30.675341
金牛蜀汉路289号,四川省成都市青羊区蜀汉路|289号,104.022338,30.690572
万福桥,四川省成都市金牛区万福桥,104.071822,30.678334
蜀都中心2期-1号楼,四川省成都市武侯区蜀都中心2期|1号楼,104.063674,30.553138
皇城西御,四川省成都市青羊区皇城西御,104.062126,30.656773
金楠天街,四川省成都市武侯区金楠天街,103.996524,30.648874
全季酒店(春熙路太古里酒店),四川省成都市锦江区太古里酒店,104.084930,30.651925
保利心语,四川省成都市武侯区保利心语,104.042870,30.543508
琅h精品,,
茶店子,四川省成都市金牛区茶店子,104.027434,30.697177
长青北街,四川省成都市金牛区长青北街,104.042529,30.712751
成都记忆旅行度假短租公寓(春熙店),四川省成都市锦江区成都记忆旅行度假短租公寓,104.086342,30.661530
成都春熙亚朵s酒店,四川省成都市,104.066541,30.572269
宽窄巷子,四川省成都市青羊区宽窄巷子,104.053617,30.663833
两江国际,四川省成都市武侯区两江国际,104.058157,30.559578
锦城华府,四川省成都市青羊区锦城华府,104.059373,30.675541
凯丽滨江,四川省成都市简阳市凯丽滨江,104.536277,30.401817
金鹏街,四川省成都市青羊区金鹏街,104.000628,30.678732
成都蒙太奇主题酒店公寓,,
艾克斯网咖,四川省成都市武侯区艾克斯网咖,104.049973,30.633276
丽水澜庭,四川省成都市成华区丽水澜庭,104.091868,30.708060
华润二十四,四川省成都市成华区华润,104.118930,30.645014
华润置地,四川省成都市锦江区华润置地,104.095071,30.610937
红庙子街,四川省成都市青羊区红庙子街,104.074024,30.667782
青羊区国税局,四川省成都市青羊区青羊区国税局,104.059980,30.674041
成都公安局高新分局办证中心,四川省成都市,104.066541,30.572269
成都公安局高新分局办证中心,四川省成都市,104.066541,30.572269
新国际会展中心,四川省成都市武侯区新国际会展中心,104.077658,30.553558
成都世外桃源酒店,四川省成都市武侯区世外桃源酒店,104.077653,30.629472
峰汇中心2号楼,四川省成都市武侯区峰汇中心|2号楼,104.062316,30.547470
华西妇产儿童医院,四川省成都市武侯区华西妇产儿童医院,104.065597,30.639462
万年路251号,四川省成都市成华区万年路|251号,104.121241,30.656020
熊猫贝贝公寓,,
锦里,,
世外桃源酒店,四川省成都市武侯区世外桃源酒店,104.077653,30.629472
一木依居酒店(天誉店),,
星程百花世家酒店,四川省成都市青羊区百花世家酒店,104.044916,30.658804
成都锦江之星杜甫草堂店,四川省成都市青羊区杜甫草堂店,104.038780,30.655396
草堂印象酒店,四川省成都市青羊区草堂,104.028041,30.663452
天誉,,
王府花园,四川省成都市武侯区王府花园,104.052552,30.631263
第六人民医院,四川省成都市成华区第六人民医院,104.147301,30.639219
明宇豪雅,四川省成都市锦江区明宇豪雅,104.091404,30.646709
雅颂居,四川省成都市武侯区雅颂居,104.044596,30.552608
爱客来精品度假公寓,四川省成都市锦江区爱客来精品度假公寓,104.086196,30.661223
成都银行atm(晋阳路),四川省成都市武侯区晋阳路,103.995087,30.649197
天誉南庭,四川省成都市锦江区天誉南庭,104.109236,30.632991
成都富力丽思卡顿酒店,四川省成都市,104.066541,30.572269
大鼎戴斯酒店,四川省成都市武侯区大鼎戴斯酒店,104.068550,30.600840
九龙怡家酒店,四川省成都市崇州市九龙,103.710367,30.722555
建设路,四川省成都市成华区建设路,104.103315,30.669066
观城,四川省成都市成华区观城,104.121264,30.646166
成都记忆空间服务公寓(太古里店),,
星宇蜀居主题酒店,,
成华区万年场,四川省成都市成华区万年场,104.115565,30.655615
派酒店(成都宽窄巷子店),四川省成都市武侯区派酒店,103.983527,30.598854
维也纳国际酒店(环球中心新会展店),四川省成都市武侯区环球中心,104.063117,30.568738
上东酒店,四川省成都市成华区上东酒店,104.110579,30.714613
盛世草堂,四川省成都市青羊区盛世草堂,104.022953,30.666520
青羊物业大厦,四川省成都市青羊区青羊物业大厦,104.060372,30.659942
汉庭酒店(成都盐市口店),四川省成都市锦江区汉庭快捷酒店,104.069726,30.653866
西姆翰墨酒店,四川省成都市锦江区西姆翰墨酒店,104.086280,30.661018
成都品香四季酒店(世纪城店),四川省成都市武侯区品香四季酒店,104.068297,30.552391
四川省气象局,四川省成都市青羊区四川省气象局,104.018506,30.662113
绿地之窗,四川省成都市武侯区绿地之窗,104.059826,30.552170
龙湖三千城,四川省成都市成华区龙湖三千城,104.111500,30.674648
华兴新居,四川省成都市锦江区华兴新居,104.119508,30.602951
四川大学,四川省成都市武侯区四川大学,104.085486,30.629794
成都轩雅映月酒店,四川省成都市锦江区轩雅映月酒店,104.075530,30.652681
成都楚天君临酒店,四川省成都市青羊区楚天君临酒店,104.032715,30.668769
站西桥,四川省成都市金牛区站西桥,104.064965,30.700010
华润二十四城,四川省成都市成华区华润二十四城,104.118859,30.649359
凡花三舍青年公寓,,
东站,四川省成都市武侯区东站,104.005989,30.651649
第一人民医院,四川省成都市武侯区成都市第一人民医院,104.052202,30.589949
成都时光青年旅舍金牛万达店,四川省成都市金牛区金牛万达店,104.085465,30.685362
成都嘉好弗斯达酒店文殊院店,四川省成都市青羊区嘉好弗斯达酒店,104.068682,30.670769
丽景华庭,四川省成都市武侯区丽景华庭,104.015689,30.651247
明宇尚雅饭店,四川省成都市武侯区明宇尚雅饭店,104.063846,30.646184
阿悦酒店公寓,,
吉祥街小区,四川省成都市青羊区吉祥街小区,104.054251,30.668971
银石国际,,
皇家别墅,四川省成都市武侯区皇家别墅,104.001691,30.659655
鑫万里客商务旅店(双清南路店),四川省成都市青羊区鑫万里客商务旅店,104.017550,30.673999
成都市品乐酒店建设路sm广场店,四川省成都市成华区sm广场店,104.111150,30.669649
沃尔玛(武侯店),四川省成都市武侯区沃尔玛商场,104.060510,30.633093
龙腾中路,四川省成都市武侯区龙腾中路,104.014506,30.652014
锦江之星酒店(成都武侯祠体育学院店),四川省成都市金牛区锦江之星酒店,104.032356,30.675341
锦江之星酒店(成都武侯祠体育学院店),四川省成都市金牛区锦江之星酒店,104.032356,30.675341
东站,四川省成都市武侯区东站,104.005989,30.651649
海上海-北苑,四川省成都市成华区海上海北苑,104.160570,30.627770
天府一街,四川省成都市双流区天府一街,104.031608,30.563611
成华奥园广场,四川省成都市成华区奥园广场,104.131182,30.655364
蓝光凯丽香江,四川省成都市锦江区蓝光凯丽香江,104.083956,30.598667
外运小区,四川省成都市双流区外运小区,104.004029,30.575039
成都清居酒店春熙路提督街店,四川省成都市锦江区春熙路,104.076291,30.654189
兴元华盛,四川省成都市成华区兴元华盛,104.093692,30.708891
三环路娇子立交桥西-公交车站,四川省成都市锦江区娇子立交,104.127099,30.600289
八宝大酒店,四川省成都市青羊区八宝大酒店,104.061489,30.670611
雅尚公寓(春熙店),,
成都蓉城云熙精品名宿公寓,四川省成都市崇州市蓉城,103.671933,30.630656
7天酒店(成都武侯祠华西医院店),四川省成都市武侯区七天酒店,104.059521,30.645347
成都梦之旅国际青年旅舍(武侯祠锦里店),四川省成都市武侯区梦之旅国际青年旅舍,104.047299,30.643929
99旅馆(川大店),四川省成都市金牛区99旅馆,104.026639,30.693040
全季酒店(成都太古里滨江路店),四川省成都市锦江区全季酒店,104.079441,30.657369
金域名人国际酒店,四川省成都市武侯区金域名人国际酒店,104.058042,30.608416
人民中路,四川省成都市青羊区人民中路,104.071919,30.677937
武侯祠,四川省成都市武侯区武侯,104.048658,30.645420
成都初见精品公寓,,
成都东站,四川省成都市成华区成都东站,104.141625,30.628860
四川省人民医院,四川省成都市青羊区四川省人民医院,104.039636,30.663642
图腾铂雅酒店,四川省成都市武侯区图腾铂雅酒店,104.081084,30.607655
如家快捷酒店(成都新南门店),四川省成都市武侯区如家快捷酒店,104.015872,30.637465
成都传家合院精品管家酒店,四川省成都市,104.066541,30.572269
瑞廷西郊酒店,,
美丽云天,四川省成都市青羊区美丽云天,104.021126,30.665652
瑞廷西郊酒店,,
瑞廷西郊酒店,,
美丽豪酒店(成都宽窄巷子店),四川省成都市金牛区丽豪花园酒店,104.012766,30.695171
龙湖北城,四川省成都市金牛区龙湖北城,104.068536,30.711184
慕森主题,,
成都朴院精品酒店,四川省成都市武侯区朴院精品酒店,104.077141,30.641503
一叶一世界藏茶素食火锅(春熙路店),四川省成都市锦江区一叶一世界藏茶素火锅,104.082358,30.651647
成都明德坊酒店,四川省成都市青羊区明德坊酒店,104.051590,30.664057
成都行者居别墅客栈-印象店,四川省成都市武侯区别墅客栈,104.001786,30.652939
富丽东方-和美东路,四川省成都市成华区富丽东方,104.154977,30.630737
7天连锁酒店(成都春熙路步行街店),四川省成都市锦江区春熙路,104.078304,30.657437
成都青巢・宽窄精品主题服务公寓,,
如家快捷酒店(四川师范大学店),四川省成都市武侯区如家酒店,104.063073,30.638876
玉皇观街1号院,四川省成都市锦江区玉皇观街1号院,104.088966,30.665424
华西坝,四川省成都市武侯区华西坝,104.066279,30.642821
瑞泰锦城,四川省成都市武侯区瑞泰锦城,103.998507,30.648252
中海翠屏湾,四川省成都市武侯区中海翠屏湾,104.051936,30.599671
保利中心C座,四川省成都市武侯区保利中心|C座,104.071625,30.625062
白果林,四川省成都市金牛区白果林,104.036285,30.672558
城市理想A座,四川省成都市锦江区城市理想|A座,104.067498,30.654819
布丁酒店(成都华西医大黉门街店),四川省成都市武侯区布丁酒店,104.061764,30.645772
心族宾馆,四川省成都市武侯区心族宾馆,104.066262,30.623069
群康路51号,四川省成都市青羊区群康路|51号,104.018174,30.667152
锦江之星酒店(成都武侯祠体育学院店),四川省成都市金牛区锦江之星酒店,104.032356,30.675341
祥域,,
78号观邸,四川省成都市青羊区78号观邸,104.047692,30.655676
红星国际,四川省成都市锦江区红星国际,104.086029,30.661398
成华区桃蹊路,四川省成都市成华区桃蹊路,104.110349,30.683067
沙河 路苑,四川省成都市成华区沙河路,104.088479,30.699515
蓝光富丽东方,四川省成都市成华区蓝光富丽东方,104.154977,30.630737
燃灯寺北街,四川省成都市武侯区燃灯寺北街,104.035294,30.645867
富力广场,四川省成都市青羊区富力广场,104.069658,30.665135
如家精选酒店(蜀汉路店),四川省成都市金牛区如家精选酒店,104.026524,30.684059
追梦青年旅舍(成都春熙路店),四川省成都市成华区追梦青年旅舍,104.089896,30.654933
金城丽景,四川省成都市金牛区金城丽景,104.042531,30.693765
上东1号-三期,四川省成都市成华区上东1号,104.106853,30.716990
龙湖北城天街,四川省成都市金牛区龙湖北城天街,104.068536,30.711184
春熙路,四川省成都市锦江区春熙路,104.078304,30.657437
流星花园,四川省成都市锦江区流星花园,104.085582,30.651219
东站,四川省成都市武侯区东站,104.005989,30.651649
金控时代广场,四川省成都市武侯区金控时代广场,104.061854,30.553600
如家精选酒店(蜀汉路店),四川省成都市金牛区如家精选酒店,104.026524,30.684059
如家精选酒店(蜀汉路店),四川省成都市金牛区如家精选酒店,104.026524,30.684059
康河郦景,四川省成都市武侯区康河郦景,104.024550,30.650460
7天连锁酒店(成都望江楼店),四川省成都市锦江区成都望江楼店,104.097928,30.627831
如家快捷酒店(成都武侯祠店),四川省成都市武侯区如家快捷酒店,104.055607,30.646869
天合凯旋城,四川省成都市青羊区天合凯旋城,104.001948,30.666586
人民北路,四川省成都市金牛区人民北路,104.079053,30.678868
成都新城市广场,四川省成都市青羊区新城市广场,104.057651,30.673830
如家精选酒店(新南门地铁站店),四川省成都市武侯区如家精选酒店,104.074994,30.642407
吾桐里国际青年客栈(大石东路店),四川省成都市青羊区国际青年客栈,104.045374,30.651983
凯丽香江生活广场,四川省成都市锦江区凯丽香江生活广场,104.082751,30.599012
如家精选酒店(蜀汉路店),四川省成都市金牛区如家精选酒店,104.026524,30.684059
蓉城四季酒店,四川省成都市青羊区蓉城四季酒店,104.002837,30.669541
蓝光 郁金香花园,四川省成都市锦江区郁金香广场,104.079973,30.651014
轩雅映月,四川省成都市锦江区轩雅映月,104.075530,30.652681
京都大厦,四川省成都市锦江区京都大厦,104.078171,30.654518
金林大城小室,四川省成都市青羊区金林大城小室,104.015726,30.671891
尚尊健身俱乐部,四川省成都市双流区尚尊健身俱乐部,104.085321,30.548303
火车北站,四川省成都市金牛区火车北站,104.073403,30.696772
慷懒客栈,,
武侯区新乐路,四川省成都市武侯区新乐路,104.041087,30.605414
老宋国际青年旅舍,四川省成都市金牛区老宋国际青年旅舍,104.087492,30.680633
7天连锁酒店(成都火车北站店),四川省成都市成华区七天连锁酒店,104.079611,30.700269
成都浪漫满屋度假公寓,四川省成都市青羊区成都浪漫满屋度假公寓,104.054490,30.660590
瑞安城中汇,四川省成都市金牛区城中汇,104.091843,30.693119
都豪网络酒店,四川省成都市成华区都豪网络酒店,104.075662,30.700486
嘉立连锁酒店(成都文殊院地铁站店),四川省成都市锦江区嘉立连锁酒店,104.086903,30.661361
天府丽都喜来登饭店,四川省成都市青羊区天府丽都喜来登饭店,104.066453,30.664926
成都瑞峰公寓酒店,四川省成都市成华区瑞峰公寓酒店,104.144961,30.629369
金林大城小室,四川省成都市青羊区金林大城小室,104.015726,30.671891
泰丰国际广场,四川省成都市青羊区泰丰国际广场,104.066153,30.668529
新品汉庭酒店成都天府广场盐市口店,四川省成都市金牛区汉庭快捷酒店,104.019428,30.689388
希岸酒店(优品道店),四川省成都市成华区希岸酒店,104.111001,30.671963
桔子酒店精选(成都顺城店),四川省成都市青羊区桔子酒店精选,104.072594,30.666769
成都繁星我们国际青年旅舍,四川省成都市青羊区成都繁星我们国际青年旅舍,104.082622,30.671927
祥福苑大厦,四川省成都市武侯区祥福苑大厦,104.064910,30.620841
南城都汇,四川省成都市武侯区南城都汇,104.048007,30.589758
成都胖圈青年旅舍杜甫草堂店,四川省成都市青羊区美莱医学美容医院杜甫草堂店,104.029036,30.662328
瑞成名人酒店,四川省成都市青羊区瑞成名人酒店,104.065697,30.670023
华润凤凰城,四川省成都市武侯区华润凤凰城,104.048456,30.552519
金科圣嘉公寓,四川省成都市成华区圣嘉公寓,104.103494,30.717045
曦城,,
正成财富ID,四川省成都市锦江区正成财富id,104.080583,30.660542
成都索菲斯锦苑宾馆,四川省成都市青羊区索菲斯锦苑宾馆,104.070604,30.676905
成都朴宿pusuhomestay,四川省成都市,104.066541,30.572269
成都途乐公寓(宽窄巷子店),四川省成都市青羊区成都途乐公寓,104.054378,30.660553
金科圣嘉公寓,四川省成都市成华区圣嘉公寓,104.103494,30.717045
金科圣嘉公寓,四川省成都市成华区圣嘉公寓,104.103494,30.717045
成都雅舍精品酒店,四川省成都市武侯区雅舍精品酒店,104.060981,30.583899
嘉好・弗斯达酒店文殊院店,四川省成都市青羊区嘉好弗斯达酒店,104.068682,30.670769
外滩,,
书院街道,四川省成都市锦江区书院街道,104.087210,30.658880
成华区双桥子社区卫生服务中心,四川省成都市成华区双桥子社区卫生服务中心,104.109021,30.653210
天悦城,四川省成都市金牛区天悦城,104.055914,30.723878
ifs国际金融中心三号办公楼,四川省成都市锦江区ifs国际金融中心|3栋,104.082321,30.654854
万达锦华城,四川省成都市锦江区万达锦华城,104.095337,30.620195
成都远方之家连锁公寓新会展店,四川省成都市武侯区新会展店,104.073715,30.558354
澳林春天,四川省成都市金牛区澳林春天,104.036901,30.689618
泰合索菲特大饭店,四川省成都市锦江区泰合索菲特大饭店,104.068727,30.647337
万象城,四川省成都市成华区万象城,104.115434,30.649596
五块石客运站,四川省成都市成华区五块石客运站,104.072746,30.701761
金科圣嘉公寓酒店(中心店),四川省成都市成华区金科圣嘉公寓酒店,104.103494,30.717045
如家快捷酒店(成都九眼桥四川大学店),四川省成都市武侯区如家快捷酒店,104.015872,30.637465
王家塘街81号,四川省成都市青羊区王家塘街|81号,104.061910,30.673427
成都鼓楼智选假日酒店,四川省成都市青羊区鼓楼智选假日酒店,104.072817,30.663731
风华苑,四川省成都市武侯区风华苑,104.058795,30.612997
成都首座万豪酒店,四川省成都市武侯区首座万豪酒店,104.068868,30.586267
客道酒店(致民路店),四川省成都市武侯区客道酒店,104.080489,30.642166
铸信境界,四川省成都市青羊区铸信境界,103.991502,30.669243
金科圣嘉公寓酒店(中心店),四川省成都市成华区金科圣嘉公寓酒店,104.103494,30.717045
成都慕斯威尔酒店,四川省成都市锦江区慕斯威尔酒店,104.062468,30.649666
城投观城,四川省成都市成华区城投观城,104.121264,30.646166
成都海洋莱普敦酒店,四川省成都市武侯区海洋莱普敦酒店,104.065334,30.546507
金沙巷16号小区,四川省成都市金牛区金沙巷|16号,104.042558,30.689686
成都云顶国际公寓太古里店,四川省成都市锦江区太古里店,104.081096,30.651747
红花教师苑,四川省成都市金牛区红花教师苑,104.084213,30.690414
东坡北二路,四川省成都市青羊区东坡北二路,103.991771,30.664414
如家快捷酒店(成都新鸿路店),四川省成都市成华区新鸿路,104.104772,30.661888
成都风尚国际精品公寓,四川省成都市锦江区精品公寓,104.073712,30.654837
美豪丽致酒店(成都高新店),四川省成都市武侯区成都高新店,104.066130,30.543450
锦江之星酒店(成都春熙路王府井店),四川省成都市锦江区春熙路,104.076291,30.654189
成都芊吉假日酒店(天府广场店),四川省成都市,104.066541,30.572269
瑞安城中汇,四川省成都市金牛区城中汇,104.091843,30.693119
桦林园休闲庄,四川省成都市锦江区桦林园休闲庄,104.105301,30.599991
清溪南街11号院落,四川省成都市青羊区清溪南街11号院,104.021240,30.676848
全季酒店(成都太古里滨江路店),四川省成都市锦江区全季酒店,104.079441,30.657369
成都世纪城天堂洲际大饭店,四川省成都市武侯区洲际大饭店,104.072201,30.559483
希岸酒店(成都火车东站中心店),四川省成都市成华区希岸酒店,104.111001,30.671963
成都书香门第酒店,四川省成都市,104.066541,30.572269
御隆酒店(西南财大店),,
狮旺庭酒店(成都文殊院店),四川省成都市青羊区成都文殊院店,104.072171,30.674467
成都北站,四川省成都市金牛区成都北站,104.073403,30.696772
成都万友睿柏云酒店,四川省成都市,104.066541,30.572269
"成都市公安局金牛区分局黄忠派出所,四川省成都市金牛区黄忠派出所,104.011844,30.688903
",,
怡家城市酒店武侯店,四川省成都市武侯区武侯店,104.047367,30.643934
英郡3期,四川省成都市武侯区英郡3期,104.073152,30.550677
贝森南路南-公交车站,四川省成都市武侯区南公交车站,103.970238,30.592978
领都龙城2期,四川省成都市成华区领都龙城2期,104.108720,30.699694
成都曼嘉酒店(神仙树石羊场店),四川省成都市武侯区神仙树,104.045960,30.614738
蓉城四季酒店,四川省成都市青羊区蓉城四季酒店,104.002837,30.669541
成都远方之家连锁公寓新会展店,四川省成都市武侯区新会展店,104.073715,30.558354
凯丽豪景,四川省成都市金牛区凯丽豪景,104.026828,30.686630
桔子酒店精选(成都顺城店),四川省成都市青羊区桔子酒店精选,104.072594,30.666769
龙湖世纪峰,四川省成都市武侯区龙湖世纪,104.078032,30.559190
凯旋天地,四川省成都市锦江区华润凯旋天地,104.128632,30.611653
龙湖金楠天街,四川省成都市武侯区龙湖金楠天街,103.996524,30.648874
星辉家园,四川省成都市金牛区星辉家园,104.083685,30.673715
嘉祥瑞庭南城,四川省成都市双流区嘉祥瑞庭南城,104.055183,30.534643
五块石客运站,四川省成都市成华区五块石客运站,104.072746,30.701761
成都曼嘉酒店(神仙树石羊场店),四川省成都市武侯区神仙树,104.045960,30.614738
全季酒店(成都环球中心店),四川省成都市武侯区全季酒店,104.061561,30.578001
建发天府鹭洲,四川省成都市武侯区建发天府鹭洲,104.038396,30.552402
翡翠城5期,四川省成都市锦江区翡翠城5期,104.091913,30.611894
蜀都花园,四川省成都市锦江区蜀都花园,104.103625,30.644821
柳江新居5期,四川省成都市锦江区柳江新居5期,104.096788,30.603797
太平园中五路-道路,四川省成都市武侯区太平园中五路,104.004581,30.628779
吾桐里国际青年客栈(大石东路店),四川省成都市青羊区国际青年客栈,104.045374,30.651983
成都禧瑞酒店(玉林店),四川省成都市武侯区禧瑞酒店(玉林店),104.059246,30.632774
成功银玺国际,四川省成都市成华区成功银玺国际,104.116009,30.677116
成都远锦国际酒店,四川省成都市成华区远锦国际酒店,104.155106,30.628711
红星国际,四川省成都市锦江区红星国际,104.086029,30.661398
大学路12号院,四川省成都市武侯区大学路12号院,104.070160,30.644162
春熙路,四川省成都市锦江区春熙路,104.078304,30.657437
海桐1期,四川省成都市锦江区海桐1期,104.130204,30.606751
如家快捷酒店(成都新南门店),四川省成都市武侯区如家快捷酒店,104.015872,30.637465
成都迷津青年旅舍,四川省成都市,104.066541,30.572269
非宿艺舍,,
羊犀立交,四川省成都市金牛区羊犀立交,104.007458,30.700417
成都喜欢主题酒店赛格广场店,四川省成都市青羊区赛格广场店,104.077532,30.665796
汇厦少城,四川省成都市青羊区汇厦少城,104.051922,30.657788
绿地gic壹期,四川省成都市武侯区绿地gic,104.079936,30.618148
娇子立交,四川省成都市锦江区娇子立交,104.127099,30.600289
旅游职中教师公寓,四川省成都市青羊区旅游职中教师公寓,104.022190,30.659561
成都市春熙路亚朵轻居酒店,四川省成都市锦江区亚朵酒店,104.082250,30.658870
成都周末度假公寓春熙一店,四川省成都市锦江区春熙一店,104.080221,30.651228
红树湾,四川省成都市双流区红树湾,104.083120,30.548252
锦江之星酒店(成都白果林地铁站店),四川省成都市金牛区锦江之星酒店,104.032356,30.675341
华润凤凰城,四川省成都市武侯区华润凤凰城,104.048456,30.552519
抚琴街南三巷-道路,四川省成都市金牛区抚琴街南三巷,104.039875,30.680084
西南交通大学(九里校区),四川省成都市金牛区西南交通大学,104.053006,30.698733
青桐城市酒店,四川省成都市金牛区青桐城市酒店,104.048472,30.682733
桔子酒店精选(成都顺城店),四川省成都市青羊区桔子酒店精选,104.072594,30.666769
家益欣城-东1门,四川省成都市双流区家益欣城东1门,104.052155,30.531551
龙湖金楠天街,四川省成都市武侯区龙湖金楠天街,103.996524,30.648874
,,,
